Model,MAE,RMSE,R2
RandomForest,3.6163252249305597,5.9524237838304135,0.941639025870063
XGBoost,3.4211881357087837,5.686689288711169,0.9467335387790893
